id,constant,position,translate
1. Главная страница,,,
1.1. Посадочная страница.,,,
1,indexHeaderText.slide1.title,Заголовок №1,Комфортная платформа для заработка Company Name
2,indexHeaderText.slide1.text|dot,Подзаголовок к заголовку №1,Широкий функционал для прибыльного инвестирования
3,indexHeaderText.slide2.title,Заголовок №2,Доступные рынки для твоих инвестиций
4,indexHeaderText.slide2.text|dot,Подзаголовок к заголовку №2,Большой выбор торговых инструментов для различных стратегий
5,indexHeaderText.slide3.title,Заголовок №3,Удобный и доступный интерфейс
6,indexHeaderText.slide3.text|dot,Подзаголовок к заголовку №3,Круглосуточный доступ к мобильной и десктопной версии платформы
7,indexHeaderText.slide4.title,Заголовок №4,Выгодные торговые условия
8,indexHeaderText.slide4.text|dot,Подзаголовок к заголовку №4,Разнообразие тарифных планов под различные инвестиционные цели
1.2. Почему мы? (Преимущества),,,
9,indexAdvantagesText.h2,Главный заголовок раздела,Company Name выбирают
10,indexAdvantagesText.advantage1.title,Преимущество №1,Начинающие трейдеры
11,indexAdvantagesText.advantage1.text|dot,Описание преимущества №1,Разнообразие торговых и аналитических инструментов позволяет разобраться в трейдинге с нуля.
12,indexAdvantagesText.advantage2.title,Преимущество №2,Опытные участники
13,indexAdvantagesText.advantage2.text|dot,Описание преимущества №2,Сниженные комиссии и лучшие торговые условия для трейдинга на рынке брокеров.
14,indexAdvantagesText.advantage3.title,Преимущество №3,Крупные инвесторы
15,indexAdvantagesText.advantage3.text|dot,Описание преимущества №3,Выбор из нескольких вариантов обслуживания под любые инвестиционные цели.
16,indexAdvantagesText.advantage4.title,Преимущество №4,Ценители комфорта
17,indexAdvantagesText.advantage4.text|dot,Описание преимущества №4,Доступный интерфейс платформы обеспечивает комфортные условия для трейдинга.
18,indexAdvantagesText.advantage5.title,Преимущество №5,Путешественники
19,indexAdvantagesText.advantage5.text|dot,Описание преимущества №5,Платформа Company Name доступна для трейдинга из любой точки мира при наличии доступа в интернет.
20,indexAdvantagesText.advantage6.title,Преимущество №6,Эксперты в инвестировании
21,indexAdvantagesText.advantage6.text|dot,Описание преимущества №6,Широкий ассортимент торговых инструментов позволяет реализовывать различные стратегии.
1.3. Дополнительные преимущества.,,,
22,indexBenefitsText.h2,Главный заголовок раздела,Раскрой потенциал с Company Name
23,indexBenefitsText.benefit1.title,Преимущество №1,Более 200 торговых инструментов
24,indexBenefitsText.benefit1.text|dot,Описание преимущества №1,Выбирай из самых прибыльных инвестиционных площадок.
25,indexBenefitsText.benefit2.title,Преимущество №2,Безопасный трейдинг на платформе
26,indexBenefitsText.benefit2.text|dot,Описание преимущества №2,Company Name сотрудничает с авторитетными финансовыми регуляторами.
27,indexBenefitsText.benefit3.title,Преимущество №3,Моментальное исполнение ордеров
28,indexBenefitsText.benefit3.text|dot,Описание преимущества №3,Наши сервера обеспечивают высокую скорость обработки транзакций.
29,indexBenefitsText.benefit4.title,Преимущество №4,Достоверная информация о котировках
30,indexBenefitsText.benefit4.text|dot,Описание преимущества №4,Данные об изменении курсов публикуются из официальных источников.
1.4. Как начать.,,,
31,indexStepsText.h2,Главный заголовок раздела,Создай аккаунт на платформе Company Name
32,indexStepsText.step1.title,Шаг №1,Регистрация
33,indexStepsText.step1.text|dot,Описание Шага №1,Заполни персональные данные о себе.
34,indexStepsText.step2.title,Шаг №2,Депозит
35,indexStepsText.step2.text|dot,Описание Шага №2,Пополни личный счёт удобным способом.
36,indexStepsText.step3.title,Шаг №3,Трейдинг
37,indexStepsText.step3.text|dot,Описание Шага №3,Инвестируй в различные торговые инструменты.
1.5. Информация об аккаунтах.,,,
38,indexAccountsText.h2,Главный заголовок раздела,Тарифы
39,indexAccountsText.account1.title,Аккаунт №1,Стандарт
40,indexAccountsText.account1.text|dot,Подзаголовок для аккаунта №1,Доступ к основным торговым инструментам на платформе.
41,indexAccountsText.account2.title,Аккаунт №2,Продвинутый
42,indexAccountsText.account2.text|dot,Подзаголовок для аккаунта №2,Полный функционал и статистика динамики рынков.
43,indexAccountsText.account3.title,Аккаунт №3,Премиум
44,indexAccountsText.account3.text|dot,Подзаголовок для аккаунта №3,VIP-обслуживание и выгодные торговые условия.
45,indexAccountsText.account_condition_1,Минимальный депозит:,Минимальный депозит
46,indexAccountsText.account_condition_2,Кредитное плечо:,Кредитное плечо
47,indexAccountsText.account_condition_3,Моментальное исполнение,Моментальное исполнение
48,indexAccountsText.account_condition_4,Торговля криптовалютами и металлами,Торговля криптовалютами и металлами
49,indexAccountsText.account_condition_5,Возможность инвестиций в ПАММ-счета,Возможность инвестиций в ПАММ-счета
50,indexAccountsText.account_condition_6,Отсутствие свопа,Отсутствие свопа
51,indexAccountsText.account_condition_7,Торговля ETF и индексами,Торговля ETF и индексами
52,indexAccountsText.account_condition_8,Страхование депозитов,Страхование депозитов
53,indexAccountsText.account_condition_9,Персональный менеджер,Персональный менеджер
54,indexAccountsText.account_condition_10,Открытие личного ПАММ-счета,Открытие личного ПАММ-счета
53,indexAccountsText.account_condition_11,Защита депозитов,Защита депозитов
54,indexAccountsText.account_condition_12,Круглосуточная поддержка,Круглосуточная поддержка
1.6. Новости,,,
55,indexNewsText.h2,Главный заголовок раздела,Последние экономические новости
1.7. Виджеты,,,
56,indexWidgetText.h2,Главный заголовок раздела,Основные графики и аналитика
57,indexWidgetText.text|dot,Подзаголовок для раздела виджеты ,"Получи доступ к графическим данным о рынке, торговых инструментах, динамике котировок"
58,indexWidgetText.item1.title,Advanced Real-Time Chart Widget,График в реальном времени
59,indexWidgetText.item1.text|dot,Описание,Изменение котировок для различных торговых инструментов в реальном времени.
60,indexWidgetText.item2.title,Technical Analysis Widget,Технический анализ
61,indexWidgetText.item2.text|dot,Описание,Рейтинги технических индикаторов для анализа финансовых инструментов.
62,indexWidgetText.item3.title,Market Overview Widget,Обзор рынков
63,indexWidgetText.item3.text|dot,Описание,Общий анализ финансовых рынков и аналитическая оценка их текущего состояния.
64,indexWidgetText.item4.title,Market Data Widget,Данные о рынке
65,indexWidgetText.item4.text|dot,Описание,"Детальный обзор динамики и тенденции мировых рынков, цены открытия, максимум, минимум и другое."
66,indexWidgetText.item5.title,Stock Market Widget,Рынок акций
67,indexWidgetText.item5.text|dot,Описание,Информация о росте и падении стоимости акций самых прибыльных компаний.
68,indexWidgetText.item6.title,Economic Calendar Widget,Экономический календарь
69,indexWidgetText.item6.text|dot,Описание,Информация о важных будущих экономических новостях и событиях.
70,indexWidgetText.item7.title,Ticker Widget,Данные о котировках
71,indexWidgetText.item7.text|dot,Описание,Ежедневное изменение цен финансовых инструментов и их текущие показатели.
72,indexWidgetText.item8.title,Ticker Tape Widget,Динамика котировок
73,indexWidgetText.item8.text|dot,Описание,Данные об изменении котировок для различных торговых инструментов.
74,indexWidgetText.item9.title,Single Ticker Widget,Торговый инструмент
75,indexWidgetText.item9.text|dot,Описание,Основная информация об изменении цен для выбранного торгового инструмента.
76,indexWidgetText.item10.title,Mini Chart Widget,Мини-график торгового инструмента
77,indexWidgetText.item10.text|dot,Описание,"Цена, её изменение в процентах, компактный и понятный график для выбранного инструмента."
78,indexWidgetText.item11.title,Symbol Overview Widget,Обзор инструмента
79,indexWidgetText.item11.text|dot,Описание,"Обновляемые котировки, простой график и базовые фундаментальные данные для одной акции."
80,indexWidgetText.item12.title,Symbol Info Widget,Информация об инструменте
81,indexWidgetText.item12.text|dot,Описание,"Основная информация в удобном формате, отображение отчётности компаний и изменении котировок."
82,indexWidgetText.item13.title,Forex Cross Rates Widget,Кросс-курсы валют
83,indexWidgetText.item13.text|dot,Описание,Отображение котировок в реальном времени выбранных валют по отношению к другим валютным парам.
84,indexWidgetText.item14.title,Forex Heat Map Widget,Тепловая карта валют
85,indexWidgetText.item14.text|dot,Описание,"Обзор активности рынка Forex, определение сильных и слабых валютных пар в реальном времени."
86,indexWidgetText.item15.title,Screener widget,Обзор акций
87,indexWidgetText.item15.text|dot,Описание,Эффективный отобор акций с использованием фундаментальных данных и значений различных технических индикаторов.
88,indexWidgetText.item16.title,Cryptocurrency Market Widget,Обзор рынка криптовалют
89,indexWidgetText.item16.text|dot,Описание,"Информация о цене закрытия, общем и доступном числе монет, объёмах и процентах изменения цены."
90,indexWidgetText.item17.title,Fundamental Data Widget,Фундаментальные показатели
91,indexWidgetText.item17.text|dot,Описание,Данные для проведения оценки текущего состояние компании.
92,indexWidgetText.item18.title,Company Profile Widget,Профиль компании
93,indexWidgetText.item18.text|dot,Описание,"Описание компании, а также основных категорий — сектора и отрасли."
94,indexWidgetText.item19.title,Timeline Widget,История рынков
95,indexWidgetText.item19.text|dot,Описание,"Ключевые события популярных международных компаний, криптовалют и других активов."
96,indexWidgetText.item2.title,Available Markets for Widgets,Аналитика финансовых инструментов
97,indexWidgetText.item2.text|dot,Описание,Информация о доступных графиках для различных торговых инструментов на платформе.
1.8. Вопрос - Ответ,,,
98,indexFaqText.h2,Заголовок,В данном разделе представлены ответы на часто задаваемые вопросы
99,indexFaqText.item1.title,Вопрос 1,"Я не знаю, как пользоваться торговой платформой. Как быть?"
100,indexFaqText.item1.text|dot,Ответ 1,На нашем сайте представлен раздел с видео-уроками для ознакомления с базовыми принципами трейдинга и функционалом платформы.
101,indexFaqText.item2.title,Вопрос 2,Как открыть счёт на платформе?
102,indexFaqText.item2.text|dot,Ответ 2,"Пройдите простую процедуру регистрации, подтвердите вашу учётную запись по электронной почте и вам будет предоставлен счет в автоматическом режиме."
103,indexFaqText.item3.title,Вопрос 3,Какие торговые инструменты доступны для трейдинга?
104,indexFaqText.item3.text|dot,Ответ 3,"Мы предоставляем доступ к более, чем 200 торговых инструментов, ознакомиться с которыми вы можете в специальном разделе."
105,indexFaqText.item4.title,Вопрос 4,"Что, если у меня нет возможности инвестировать большие суммы?"
106,indexFaqText.item4.text|dot,Ответ 4,"Многие торговые инструменты не требуют крупных инвестиций, также наша платформа предоставляет возможность оформления кредитного плеча."
107,indexFaqText.item5.title,Вопрос 5 ,Какой тариф подойдёт именно мне?
108,indexFaqText.item5.text|dot,Ответ 5,"Каждый тариф предназначен для разных категорий пользователей, изучите информацию о тарифах в соответствующем разделе и выберите подходящий."
109,indexFaqText.item6.title,Вопрос 6,Что такое брокерский счёт и как он работает?
110,indexFaqText.item6.text|dot,Ответ 6,"Брокерский счёт дает возможность покупать и продавать ценные бумаги, валюту или другие инвестиционные инструменты на бирже."
111,indexFaqText.item7.title,Вопрос 7,Что такое маржинальная торговля?
112,indexFaqText.item7.text|dot,Ответ 7,"Маржинальное кредитование снижает потребность в свободных денежных средствах - вы оформляете кредитное плечо и можете совершать сделки на более крупные суммы, чем те, которыми вы владеете."
113,indexFaqText.item8.title,Вопрос 8,Для чего используется маржинальная торговля?
114,indexFaqText.item8.text|dot,Ответ 8,"Использование маржинального кредитования позволяет повышать прибыль как при росте, так и при падении рынка."
115,indexFaqText.item9.title,Вопрос 9,Что такое маржин колл?
116,indexFaqText.item9.text|dot,Ответ 9,"Это предупреждение о нехватке денежных средств на счету, для дальнейшего удержания открытых позий в рынке."
117,indexFaqText.item10.title,Вопрос 10,Есть ли возможность выставлять заявки в ночное время суток?
118,indexFaqText.item10.text|dot,Ответ 10,"Да, вы имеете такую возможность, так как наша платформа доступна для трейдинга круглосуточно."
119,indexFaqText.item11.title,Вопрос 11,Можно ли использовать аналитические инструменты на вашей платформе?
120,indexFaqText.item11.text|dot,Ответ 11,"Это необходимо делать для осуществления прибыльных операций, наша платформа предлагает широкий ассортимент графического, технического, фундаментального, факторного анализа."
121,indexFaqText.item12.title,Вопрос 12,Сколько тарифов вы предлагаете?
122,indexFaqText.item12.text|dot,Ответ 12,Наша платформа предлагает три категории тарифов для различных инвестиционных целей и размера начального капитала.
123,indexFaqText.item13.title,Вопрос 13,Откуда вы берёте данные о котировках?
124,indexFaqText.item13.text|dot,Ответ 13,Мы публикуем данные из официальных источников - крупных международных финансовых компаний.
125,indexFaqText.item14.title,Вопрос 14,Есть ли вероятность проскальзывания?
126,indexFaqText.item14.text|dot,Ответ 14,Наши сервера обеспечивают моментальное исполнение ордеров и минимальную вероятность проскальзывания цены.
127,indexFaqText.item15.title,Вопрос 15,Кем регулируется деятельность вашей компании?
128,indexFaqText.item15.text|dot,Ответ 15,"Авторитетными международными финансовыими регуляторами, перечень которых вы можете изучить в специализированном отделе."
129,indexFaqText.item16.title,Вопрос 16,Что такое диверсификация инвестиций?
130,indexFaqText.item16.text|dot,Ответ 16,"Это стратегия инвестирования, при которой трейдер приобретает различные категории активов в инвестиционный портфель."
131,indexFaqText.item17.title,Вопрос 17,Разве инвестиции в криптовалюту не рискованные?
132,indexFaqText.item17.text|dot,Ответ 17,"При грамотном использовании аналитических инструментов, представленных на нашей платформе, инвестиционные риски минимальные."
133,indexFaqText.item18.title,Вопрос 18,"Что, если у меня возник вопрос по торговле в позднее время суток?"
134,indexFaqText.item18.text|dot,Ответ 18,Наша служба поддержки работает для решения любых ваших проблем в круглосуточном режиме.
135,indexFaqText.item19.title,Вопрос 19,"Я могу не понять, как торговать на платформе?"
136,indexFaqText.item19.text|dot,Ответ 19,"Наш интерфейс является доступным и интуитивно понятным для любого пользователя, также у нас есть обучающие видео и служба поддержки."
137,indexFaqText.item20.title,Вопрос 20,Что такое калькулятор трейдера?
138,indexFaqText.item20.text|dot,Ответ 20,"Это очень полезный инструмент, особенно для начинающих трейдеров, который позволяет рассчитать комиссию по сделке и размер свободных средств для её совершения."
139,indexFaqText.item21.title,Вопрос 21 ,"Я не понимаю разницу акций и фондовых индексов, что делать?"
140,indexFaqText.item21.text|dot,Ответ 21,"Изучите описание рынков в соответствующем разделе: основная разница в том, что индексы - это набор акций разных компаний, объединённых по определённому признаку."
141,indexFaqText.item22.title,Вопрос 22,Что такое беспоставочные контракты?
142,indexFaqText.item22.text|dot,Ответ 22,"Это контракты, дающие вам право на владение определённым объёмом актива, но не подразумевающие его физическую поставку."
143,indexFaqText.item23.title,Вопрос 23,Почему некоторые рынки доступны в ограниченном промежутке времени?
144,indexFaqText.item23.text|dot,Ответ 23,Потому что различные торговые площадки регулируются различными странами и мировыми финансовыми организациями в разных часовых поясах.
145,indexFaqText.item24.title,Вопрос 24,Для чего нужны графики?
146,indexFaqText.item24.text|dot,Ответ 24,Для проведения графического анализа торгового инструмента и целесообразности инвестирования в него.
147,indexFaqText.item25.title,Вопрос 25,Смогу ли я заработать на трейдинге?
148,indexFaqText.item25.text|dot,Ответ 25,"Наши пользователи суммарно зарабатывают миллионы, конечно у вас получится, необходимо только разобраться в основных понятиях."
149,indexFaqText.item26.title,Вопрос 26,Как выбрать из такого количества торговых инструментов?
150,indexFaqText.item26.text|dot,Ответ 26,"Очень просто: в разных тарифах доступ к торговым инструментам отличается, в зависимости от вашего опыта."
151,indexFaqText.item27.title,Вопрос 27,Какие торговые инструменты самые лёгкие в инвестировании?
152,indexFaqText.item27.text|dot,Ответ 27,"Лёгких не бывает, но наиболее доступные для начинающих инвесторов - валютные пары и фондовые индексы."
153,indexFaqText.item28.title,Вопрос 28,Почему металлы используют для долгосрочного инвестирования?
154,indexFaqText.item28.text|dot,Ответ 28,"В первую очередь, они не портятся под влиянием факторов окружающей среды и являются долговечными, поэтому цены на них имеют стабильный положительный рост."
155,indexFaqText.item29.title,Вопрос 29,Как влияет сезонность на рынок товаров?
156,indexFaqText.item29.text|dot,Ответ 29,"Производство различных категорий активов напрямую зависит от погодных условий, поэтому так важен факторный анализ товарного рынка"
157,indexFaqText.item30.title,Вопрос 30,Почему валютные пары делят на основные и экзотические?
158,indexFaqText.item30.text|dot,Ответ 30,"Основные валютные пары - это валюты крупных стран по отношению друг к другу, а экзотические - это валюта маленьких стран по отношению к основным валютам или друг другу."
1.9. Call to action,,,
159,indexCtaText.h2,Заголовок,Начни зарабатывать прямо сейчас
1.10. Обучение,,,
160,indexStudyText.h2,Главный заголовок раздела,Гайды по инвестированию на Company Name
161,indexStudyText.text|dot,Подзаголовок раздела обучение,Изучите видео-инструкции для ознакомления с функционалом платформы
162,indexStudyText.item1.title,Блок обучения 1,Ренистрация и выбор тарифа
163,indexStudyText.item1.text|dot,Описание блока обучения 1,"Ознакомьтесь с основными тарифными планами и критериями, по которым необходимо их выбирать."
164,indexStudyText.item2.title,Блок обучения 2,Основные торговые инструменты
165,indexStudyText.item2.text|dot,Описание блока обучения 2,"Получите информацию о видах инвестиционных инструментов, их отличиях и способах инвестирования."
166,indexStudyText.item3.title,Блок обучения 3,Использование кредитного плеча
167,indexStudyText.item3.text|dot,Описание блока обучения 3,"Сущность, условия оформления, принципы работы и необходимость оформления кредитного плеча."
168,indexStudyText.item4.title,Блок обучения 4,Инвестирование в криптовалюту
169,indexStudyText.item4.text|dot,Описание блока обучения 4,Полезная информация об одном из самых динамичных и популярных торговых инструментов.
170,indexStudyText.item5.title,Блок обучения 5,Аналитика в трейдинге
171,indexStudyText.item5.text|dot,Описание блока обучения 5,"Как анализ факторов, рынка, динамики котировок, сезонности влияет на вашу прибыль от трейдинга."
1.11. Форма,,,
172,indexFormText.h2,Заголовок ,Регистрация пользователя
173,indexFormText.text|dot,Подзаголовок формы,"Заполнение основных данных пользователя, подтверждение аккаунта через электронную почту"
1.12. Инструменты,,,
174,indexInstrumentsText.h2,Заголовок ,Обзор торговых инструментов
175,indexInstrumentsText.text|dot,Подзаголовок,Графическое отображение динамики котировок и основные данные об инвестиционном инструменте
1.13. Показатели,,,
176,indexIndicatorsText.h2,Заголовок,Фундаментальные показатели
177,indexIndicatorsText.text|dot,Подзаголовок,"Основные данные, используемые для проведения оценки текущего состояния компании на рынке"
1.14. Счетчики,,,
178,indexCountersText.h2,Заголовок,Трейдинг на платформе
179,indexCountersText.text|dot,Подзаголовок,"Посещаемость сайта, количество пользователей, ежедневные объёмы торгов и торговых операций"
1.15. Обратная связь,,,
180,indexCallbackText.h2,Заголовок ,Онлайн-консультант
181,indexCallbackText.text1|dot,Подзаголовок ,Готов ответить на все ваши вопросы
182,indexCallbackText.text2|dot,Описание,Консультационные услуги по любым интересующим вас вопросам в круглосуточном режиме
1.16. Документы,,,
183,indexDocumentsText.h2,Заголовок,Информация о компании
184,indexDocumentsText.text|dot,Подзаголовок,"Основные данные о компании, документах, регулирующих её деятельность на рынке брокеров"
1.17. Платформа ,,,
185,indexPlatformText.h2,Заголовок,Торгуйте на финансовых рынках из любой точки земного шара
186,indexPlatformText.text|dot,Описание,"Платформа Company Name - продукт работы лучших разработчиков и финансовых экспертов. На ней собраны самые инновационные инструменты и функции для эффективной и успешной торговли. Достаточно иметь стабильное подключение к интернету, чтобы получить доступ к самой прогрессивной торговой площадке на рынке."
1.18. Футер,,,
56,footerContent,Футер текст,"Компания Company Name зарегистрирована по адресу: Northern Shops. Mile 1 Phillip Goldson Highway, Belize City, Belize. Деятельность компании осуществляется в соответствии с требованиями Кипрской комиссии по ценным бумагам и биржам (номер лицензии: 979/23), Комиссии по международным финансовым услугам (IFSC) (01/46/HP/77) и Комиссии по финансовым услугам Республики Маврикия (номер лицензии инвестиционного дилера: F07658994)."
2. Рынки и инструменты,,,
2.2. Обзор рынков,,,
2.2.1. Посадочный экран,,,
57,marketsHeaderText.title,Заголовок,Инвестиции на лучших торговых площадках!
58,marketsHeaderText.text|dot,Подзаголовок,Самые актуальные инвестиционные инструменты на платформе Company Name
59,commonMarketsText.title_graph,Заголовок торгового графика,График торгового инструмента
60,commonMarketsText.title_table,Заголовок таблицы инструментов,Таблица инструментов
61,commonMarketsText.footnote,Часы работы рынков,* часы открытия и закрытия торгов указаны по UTC+0
2.2.2. Валюты,,,
62,marketsListText.market1.title,Заголовок,Валюта
63,marketsListText.market1.text|dot,Подзаголовок,Торгуй валютными парами по свободным курсам.
2.2.3. Металлы,,,
64,marketsListText.market2.title,Заголовок,Драгоценные металлы
65,marketsListText.market2.text|dot,Подзаголовок,Приобретай защитные активы для минимизации рисков.
2.2.4. Акции,,,
66,marketsListText.market3.title,Заголовок,Ценные бумаги
67,marketsListText.market3.text|dot,Подзаголовок,Инвестируй в акции прибыльных компаний или стартапов.
2.2.5. Товары,,,
68,marketsListText.market4.title,Заголовок,Товары
69,marketsListText.market4.text|dot,Подзаголовок,Зарабатывай на разнице цен различных категорий товаров.
2.2.6. Индексы,,,
70,marketsListText.market5.title,Заголовок,Индексы
71,marketsListText.market5.text|dot,Подзаголовок,"Диверсифицируй инвестиционный портфель, приобретая индексы."
2.2.7. Криптовалюты,,,
72,marketsListText.market6.title,Заголовок,Криптовалютный рынок
73,marketsListText.market6.text|dot,Подзаголовок,Анализируй тренды рынка цифровой валюты и зарабатывай на разнице цен.
2.3. Валюты,,,
2.3.1. Посадочный экран,,,
74,forexHeaderText.title,Заголовок,Валюта
75,forexHeaderText.text|dot,Подзаголовок,Ликвидные инвестиции на валютном рынке
76,forexProfitsText.profit1.title,Преимущество №1. Заголовок.,Доступность
77,forexProfitsText.profit1.text|dot,Преимущество №1. Описание.,Для трейдинга на рынке валют достаточно небольшого размера инвестиций.
78,forexProfitsText.profit2.title,Преимущество №2. Заголовок.,График работы
79,forexProfitsText.profit2.text|dot,Преимущество №2. Описание.,Платформа Company Name обеспечивает круглосуточный доступ для осуществления торговли.
80,forexProfitsText.profit3.title,Преимущество №3. Заголовок.,Кредитное плечо
81,forexProfitsText.profit3.text|dot,Преимущество №3. Описание.,Трейдер имеет возможность оформления кредитного плеча на выгодных условиях.
82,forexProfitsText.profit4.title,Преимущество №4. Заголовок.,Прибыльность рынка
83,forexProfitsText.profit4.text|dot,Преимущество №4. Описание.,Высокая скорость совершения операций обеспечивает ликвидность инвестиций на валютном рынке.
2.3.2. Описание рынка,,,
84,forexAssetsText.title,Заголовок,Валютный рынок
85,forexAssetsText.text|dot,Подзаголовок,Является одним из самых ликвидных и доступных для трейдинга инвестиционных инструментов.
2.4. Металлы,,,
2.4.1. Посадочный экран,,,
86,metalsHeaderText.title,Заголовок,Драгоценные металлы
87,metalsHeaderText.text|dot,Подзаголовок,Защитные активы в составе инвестиционного портфеля
88,metalsProfitsText.profit1.title,Преимущество №1. Заголовок.,Низкая волатильность
89,metalsProfitsText.profit1.text|dot,Преимущество №1. Описание.,Цены на рынке драгметаллов имеют стабильные положительные тренды.
90,metalsProfitsText.profit2.title,Преимущество №2. Заголовок.,Фьючерсные контракты
91,metalsProfitsText.profit2.text|dot,Преимущество №2. Описание.,Являются прибыльным инвестиционным инструментом на рынке металлов.
92,metalsProfitsText.profit3.title,Преимущество №3. Заголовок.,Ликвидность инвестиций
93,metalsProfitsText.profit3.text|dot,Преимущество №3. Описание.,Драгметаллы являются востребованными активами для инвестирования.
94,metalsProfitsText.profit4.title,Преимущество №4. Заголовок.,Стратегическое разнообразие
95,metalsProfitsText.profit4.text|dot,Преимущество №4. Описание.,"Металлами можно торговать как в краткосрочной, так и в долгосрочной перспективе."
2.4.2. Описание рынка,,,
96,metalsAssetsText.title,Заголовок,Рынок драгметаллов
97,metalsAssetsText.text|dot,Подзаголовок,Самой популярной на рынке драгоценных металлов является стратегия диверсификации инвестиционного портфеля.
2.5. Акции,,,
2.5.1. Посадочный экран,,,
98,stocksHeaderText.title,Заголовок,Ценные бумаги
99,stocksHeaderText.text|dot,Подзаголовок,Акции являются одними из самых прибыльных инвестиционных инструментов
100,stocksProfitsText.profit1.title,Преимущество №1. Заголовок.,Доступный рынок
101,stocksProfitsText.profit1.text|dot,Преимущество №1. Описание.,Company Name предоставляет пользователям возможность инвестирования с использованием микролотов.
102,stocksProfitsText.profit2.title,Преимущество №2. Заголовок.,Распределение инвестиций
103,stocksProfitsText.profit2.text|dot,Преимущество №2. Описание.,Широкий ассортимент акций различных компаний для диверсификации инвестиционного портфеля.
104,stocksProfitsText.profit3.title,Преимущество №3. Заголовок.,Доходность инвестиций
105,stocksProfitsText.profit3.text|dot,Преимущество №3. Описание.,Акции крупных международных прибыльных компаний обладают высокой ликвидностью.
106,stocksProfitsText.profit4.title,Преимущество №4. Заголовок.,Низкий порог вхождения
107,stocksProfitsText.profit4.text|dot,Преимущество №4. Описание.,Трейдинг на рынке ценных бумаг доступен для небольшого размера инвестиций.
2.5.2. Описание рынка,,,
108,stocksAssetsText.title,Заголовок,Рынок ценных бумаг
109,stocksAssetsText.text|dot,Подзаголовок,Трейдеры зарабатывают на изменении стоимости акций различных компаний.
2.6. Товары,,,
2.6.1. Посадочный экран,,,
110,commoditiesHeaderText.title,Заголовок,Товары
111,commoditiesHeaderText.text|dot,Подзаголовок,Инвестиции в ходовые товары сельскохозяйственной и энергетической промышленности
112,commoditiesProfitsText.profit1.title,Преимущество №1. Заголовок.,Окупаемость инвестиций
113,commoditiesProfitsText.profit1.text|dot,Преимущество №1. Описание.,На товарной бирже реализуются самые ликвидные категории активов.
114,commoditiesProfitsText.profit2.title,Преимущество №2. Заголовок.,Риск-менеджмент
115,commoditiesProfitsText.profit2.text|dot,Преимущество №2. Описание.,Рост инфляции не имеет негативного влияния на изменение котировок.
116,commoditiesProfitsText.profit3.title,Преимущество №3. Заголовок.,Беспоставочные контракты
117,commoditiesProfitsText.profit3.text|dot,Преимущество №3. Описание.,CFD-контракты используются на товарной бирже для заработка на разнице цен.
118,commoditiesProfitsText.profit4.title,Преимущество №4. Заголовок.,Вариативность
119,commoditiesProfitsText.profit4.text|dot,Преимущество №4. Описание.,Платформа Company Name предоставляет широкий выбор различных категорий товаров.
2.6.2. Описание рынка,,,
120,commoditiesAssetsText.title,Заголовок,Рынок товаров
121,commoditiesAssetsText.text|dot,Подзаголовок,"На рынке товаров происходит обращение продуктов энергетической, сырьевой, сельскохозяйственной и лесной промышленности."
2.7. Индексы,,,
2.7.1. Посадочный экран,,,
122,indicesHeaderText.title,Заголовок,Индексы
123,indicesHeaderText.text|dot,Подзаголовок,Приобретай набор акций самых прибыльных компаний в отрасли
124,indicesProfitsText.profit1.title,Преимущество №1. Заголовок.,Прибыльность
125,indicesProfitsText.profit1.text|dot,Преимущество №1. Описание.,"В состав индексов входят самые ликвидные акции, имеющие растущие тренды."
126,indicesProfitsText.profit2.title,Преимущество №2. Заголовок.,Выгодные условия
127,indicesProfitsText.profit2.text|dot,Преимущество №2. Описание.,Сниженные комиссии по операциям и популярные фондовые индексы на платформе Company Name.
128,indicesProfitsText.profit3.title,Преимущество №3. Заголовок.,Обеспечение инвестиций
129,indicesProfitsText.profit3.text|dot,Преимущество №3. Описание.,Фондовые индексы используются в трейдинге для долгосрочного инвестирования.
130,indicesProfitsText.profit4.title,Преимущество №4. Заголовок.,Аналитический потенциал
131,indicesProfitsText.profit4.text|dot,Преимущество №4. Описание.,Индексы используются для анализа рыночной или отраслевой ситуации.
2.7.2. Описание рынка,,,
132,indicesAssetsText.title,Заголовок,Рынок фондовых индексов
133,indicesAssetsText.text|dot,Подзаголовок,"В случае падения стоимости акций, они исключаются из фондового индекса и заменяются более прибыльными."
2.8. Криптовалюты,,,
2.8.1. Посадочный экран,,,
134,cryptoHeaderText.title,Заголовок,Криптовалютная биржа
135,cryptoHeaderText.text|dot,Подзаголовок,Прибыльный трейдинг на динамичном рынке цифровых валют
136,cryptoProfitsText.profit1.title,Преимущество №1. Заголовок.,Сниженные комиссии
137,cryptoProfitsText.profit1.text|dot,Преимущество №1. Описание.,Криптовалюта не регулируется государством и не облагается налогами.
138,cryptoProfitsText.profit2.title,Преимущество №2. Заголовок.,Комфортные инвестиции
139,cryptoProfitsText.profit2.text|dot,Преимущество №2. Описание.,Для торговли криптовалютой на платформе Company Name не требуется сложной верификации.
140,cryptoProfitsText.profit3.title,Преимущество №3. Заголовок.,Кредитное плечо
141,cryptoProfitsText.profit3.text|dot,Преимущество №3. Описание.,Возможность небольшого размера инвестиций для торговли на криптовалютном рынке.
142,cryptoProfitsText.profit4.title,Преимущество №4. Заголовок.,Широкий ассортимент
143,cryptoProfitsText.profit4.text|dot,Преимущество №4. Описание.,Платформа Company Name предлагает большой выбор активов для инвестирования.
2.8.2. Описание рынка,,,
144,cryptoAssetsText.title,Заголовок,Криптовалютный рынок
145,cryptoAssetsText.text|dot,Подзаголовок,"Персональные данные участников рынка надёжно защищены, а движение транзакций невозможно отследить."
3. Торговые условия,,,
3.1. Посадочный экран,,,
146,tradingHeaderText.title,Заголовок,Ознакомьтесь с основными торговыми понятиями
147,tradingHeaderText.text|dot,Подзаголовок,"В данном разделе представлена информация о следующих определениях: кредитное плечо, объём лота, Margin Call, спред и так далее."
3.2. Калькулятор трейдера,,,
148,tradingCalculatorText.title,Заголовок,Калькулятор трейдера
149,tradingCalculatorText.text|dot,Подзаголовок,Полезный инструмент при планировании сделок.
3.3. Расчетные данные,,,
150,estimationText.offer_1,Инструмент,"Инструмент: <div class=""description"">указывайте выбранный финансовый инструмент из списка</div>"
151,estimationText.offer_2,Цена открытия,"Цена: <div class=""description"">укажите предположительную цену открытия и закрытия ордера, чтобы узнать возможный результат</div>"
152,estimationText.offer_3,Объем сделки,"Объем сделки: <div class=""description"">укажите точный объем сделки в лотах</div>"
153,estimationText.offer_4,"Спред, в пунктах","Спред в пунктах: <div class=""description"">просчитывается автоматически исходя из разницы между ценами Ask и Bid</div>"
155,estimationText.offer_5,Маржа в USD,"Маржа: <div class=""description"">указанные данные - это минимальный размер свободного депозита, который необходим для осуществления сделки</div>"
156,estimationText.offer_6,Прибыль в USD,"Прибыль: <div class=""description"">указывается вероятная прибыль на основании введенных параметров</div>"
3.4. Пример расчета,,,
157,estimationText.h2,Заголовок,Принцип работы
158,estimationText.ul_title,Подзаголовок,Исходные данные
159,estimationText.li_1,Данные №1,Инструмент
160,estimationText.li_2,Данные №2,Цена открытия
161,estimationText.li_3,Данные №3,Объем сделки
162,estimationText.li_4,Данные №4,Спред в пунктах
164,estimationText.li_5,Данные №6,Маржа
165,estimationText.li_6,Данные №7,Прибыль
4. О компании,,,
4.1. О компании + Показатели,,,
166,aboutHeaderText.title,Слоган-заголовок,Зарабатывай больше на платформе Company Name!
167,aboutHeaderText.text|dot,Подзаголовок,Используй прибыльные инвестиционные стратегии и лучшие аналитические инструменты
168,aboutCounterText.counter1.title,Показатель №1,<span class='indicator-number_1' data-indicator-number='37459'>0</span>
169,aboutCounterText.counter1.text,Текст показателя №1,Трейдеров на платформе
170,aboutCounterText.counter2.title,Показатель №2,<span class='indicator-number_2' data-indicator-number='298560'>0</span>
171,aboutCounterText.counter2.text,Текст показателя №2,Дневных ордеров
172,aboutCounterText.counter3.title,Показатель №3,<span class='indicator-number_3' data-indicator-number='235'>0</span>+
173,aboutCounterText.counter3.text,Текст показателя №3,Торговых инструментов
174,aboutCounterText.counter4.title,Показатель №4,<span class='indicator-number_4' data-indicator-number='258'>0</span>
175,aboutCounterText.counter4.text,Текст показателя №4,Миллионов долларов ежедневно
176,aboutCounterText.counter5.title,Показатель №5,<span class='indicator-number_5' data-indicator-number='4'>0</span>
177,aboutCounterText.counter5.text,Текст показателя №5,Года на рынке брокеров
4.2. Вы в центре всего,,,
178,aboutConditionsText.title,Заголовок,Твой идеальный брокер - Company Name
179,aboutConditionsText.text|dot,Подзаголовок,Лучшие торговые условия для успешного трейдинга
4.3. Цели и задачи компании,,,
180,aboutGoalsText.h2,Общий заголовок,Наши цели
181,aboutGoalsText.goal1.title,Заголовок №1,Цель №1
182,aboutGoalsText.goal1.text|dot,Описание заголовка №1,К концу 2022 года увеличить дневной оборот операций на 25%.
183,aboutGoalsText.goal2.title,Заголовок №2,Цель №2
184,aboutGoalsText.goal2.text|dot,Описание заголовка №2,Привлечь на платформу 15000 активных пользователей.
4.4. Больше возможностей для трейдинга,,,
185,aboutQualityText.title,Заголовок №1,Широкие возможности для инвестиций
186,aboutQualityText.text|dot,Описание заголовка №1,Более 200 торговых инструментов на платформе Company Name
4.5. Наша история,,,
187,aboutHistoryText.h2,Общий заголовок,История
188,aboutHistoryText.year1.title,2019 год. Заголовок,Начало пути
189,aboutHistoryText.year1.text|dot,2019 год. Описание,В начале 2019 года мы открыли первый офис и получили лицензию на осуществление брокерской деятельности.
190,aboutHistoryText.year2.title,2020 год. Заголовок,Первые шаги
191,aboutHistoryText.year2.text|dot,2020 год. Описание,В 2020 году мы разработали программу лояльности и привлекли 13500 активных пользователей на платформу.
192,aboutHistoryText.year3.title,2021 год. Заголовок,Модернизация
193,aboutHistoryText.year3.text|dot,2021 год. Описание,В 2021 году мы обновили наш торговый терминал до актуальной версии и оптимизировали работу сайта.
194,aboutHistoryText.year4.title,2022 год. Заголовок,Расширение
195,aboutHistoryText.year4.text|dot,2022 год. Описание,В 2022 году был расширен функционал платформы и ассортимент предлагаемых торговых инструментов.
4.6. Платформа для торговли разработанная для людей.,,,
196,aboutPlatformText.title,Заголовок,Присоединяйся и зарабатывай
197,aboutPlatformText.text|dot,Подзаголовок,Трейдинг на платформе Company Name - это
198,aboutPlatformText.advantage1,Преимущества №1,Оперативное исполнение ордеров
199,aboutPlatformText.advantage2,Преимущества №2,Выгодные условия торговли
200,aboutPlatformText.advantage3,Преимущества №3,Разнообразие тарифных планов
201,aboutPlatformText.advantage4,Преимущества №4,Точные данные о котировках
202,aboutPlatformText.advantage5,Преимущества №5,Сотрудничество с регуляторами
203,aboutPlatformText.advantage6,Преимущества №6,Широкий ассортимент торговых инструментов
204,aboutPlatformText.advantage7,Преимущества №7,Круглосуточное обеспечение платформы
5. Лицензии.,,,
5.1. Посадочный экран,,,
205,licensesHeaderText.title,Заголовок,Регулирование деятельности
206,licensesHeaderText.text,Подзаголовок к заголовку,Компания Company Name сотрудничает с надёжными финансовыми регуляторами.
5.2. Информация о регуляторах и банках,,,
207,licensesListText.license1.title,Заголовок №1,FSMA
208,licensesListText.license1.text,Описание №1,Управление финансовых услуг и рынков осуществляет надзор за операциями на финансовом рынке и его участниками.
209,licensesListText.license2.title,Заголовок №2,"BlackRock, Inc"
210,licensesListText.license2.text,Описание №2,Международная инвестиционная компания со штаб-квартирой в Нью-Йорке.
211,licensesListText.license3.title,Заголовок №3,AUSTRAC
212,licensesListText.license3.text,Описание №3,Австралийский центр по учёту и анализу финансовых сделок.
213,licensesListText.license4.title,Заголовок №4,MiFid
214,licensesListText.license4.text,Описание №4,"Директива Евросоюза, направленная на противодействие отмыванию финансовых ресурсов."
215,licensesListText.license5.title,Заголовок №5,UBS Group
216,licensesListText.license5.text,Описание №5,"Крупнейший швейцарский финансовый холдинг, предоставляющий широкий спектр финансовых услуг по всему миру."
217,licensesListText.license6.title,Заголовок №6,ESMA
218,licensesListText.license6.text,Описание №6,Европейское управление по надзору за рынком ценных бумаг. Данный регулятор контролирует финансовую деятельность на территории Европейского союза.
219,licensesListText.license7.title,Заголовок №7,IFSC
220,licensesListText.license7.text,Описание №7,Комиссия по международным финансовым услугам Белиза.
221,licensesListText.license8.title,Заголовок №8,SCB
222,licensesListText.license8.text,Описание №8,Комиссия по ценным бумагам Багамских островов.
6. Ошибка 404.,,,
223,headerText404.title,Заголовок,Ошибка 404
224,headerText404.text,Подзаголовок,"Данной страницы не существует, обратитесь в службу поддержки."
225,headerText404.textMainPage,Вернуться на главную страницу,Вернуться на главную страницу
226,headerText404.textSupport,Служба технической поддержки,Служба технической поддержки
8. Формы,,,
8.1. Заголовки форм,,,
228,formsText.titleEnter,Вход в личный кабинет,Вход в личный кабинет
229,formsText.titleCallback,Оставить заявку,Оставить заявку
230,formsText.titleTwoauth,Двухэтапная авторизация,Двухфакторная авторизация
231,buttonText.signup,Регистрация,Регистрация
232,fotmsText.titleReminder,Восстановление пароля,Восстановление пароля
8.2. Поля ввода,,,
233,formsText.labelName,Введите ваше имя,Имя *
234,formsText.placeholderName,Введите ваше имя (placeholder),Ваше имя *
235,formsText.labelLastName,Введите вашу фамилию,Фамилия *
236,formsText.placeholderLastName,Введите вашу фамилию (placeholder),Ваша фамилия *
237,formsText.labelMail,E-mail,E-mail *
238,formsText.placeholderEmail,Введите ваш E-mail (placeholder),Ваш E-mail *
239,formsText.labelPassword,Введите пароль,Пароль *
240,formsText.placeholderPassword,Введите пароль (placeholder),Введите пароль *
241,formsText.labelConfirmPassword,Подтвердите пароль,Подтвердите пароль *
242,formsText.labelPhone,Поле для ввода номера телефона,Телефон *
243,formsText.placeholderPhone,Поле для ввода номера телефона (placeholder),Ваш телефон *
244,formsText.labelCountry,Выберите страну,Страна
245,formsText.placeholderCountry,Выберите страну (placeholder),Выберите страну
246,formsText.labelLanguage,Выберите язык,Язык
247,formsText.placeholderLanguage,Выберите язык (placeholder),Выберите язык
248,formsText.labelTime,Удобное время для звонка,Удобное время
249,formsText.placeholderTime,Удобное время для звонка (placeholder),Время для звонка
250,formsText.lableTwoauth,Введите код двухэтапной авторизации,Код авторизации *
251,formsText.placeholderTwoauth,Введите код двухэтапной авторизации (placeholder),Код двухэтапной авторизации *
252,formsText.labelPromo,Введите промокод,Промокод
253,formsText.placeholderPromo,Введите промокод (placeholder),Введите промокод
8.3. Дополнительный текст,,,
254,formsText.text_required,* - обязательные поля,* - обязательное поле
255,formsText.regRecommend,"Для пароля разрешены только латинские буквы, цифры и символы. ","Для пароля разрешены только латинские буквы, цифры и символы. Пароль должен содержать как минимум одну заглавную букву, одну строчную букву и одну цифру."
256,formsText.checkboxText,Обработка персональных данных (чекбокс),Я согласен на обработку персональных данных
8.4. Уведомления,,,
257,formsText.titleSuccess,Спасибо за отправку сообщения (заголовок),Спасибо за отправку сообщения
258,formsText.textSuccess,Спасибо за отправку сообщения текст (подзаголовок),Мы свяжемся с вами в ближайшее время.
259,formsText.titleError,Ошибка отправки сообщения (заголовок),Ошибка отправки сообщения
260,formsText.textError,Ошибка отправки сообщения текст (подзаголовок),Попробуйте позднее
309,formsText.titleAttention,Ошибка (заголовок),Внимание!
8.5. Ссылки в форме,,,
261,formsText.forgotText,Забыли пароль?,Забыли пароль?
262,formsText.allreadyText,Уже есть учетная запись,Уже есть учетная запись
9. Навигация,,,
263,navText.index,Главная,Главная
264,navText.markets,Рынки,Рынки
265,navText.about,О компании,О компании
266,navText.contacts,Контакты,Контакты
267,navText.forex,Валюты,Валюты
268,navText.metals,Металлы,Металлы
269,navText.stocks,Акции,Акции
270,navText.commodities,Товары,Товары
271,navText.indices,Индексы,Индексы
272,navText.crypto,Криптовалюты,Криптовалюты
273,navText.trading,Торговые условия,Торговые условия
274,navText.licenses,Аккредитация и лицензии,Аккредитации и лицензии
275,formsText.checkboxAgreement,Пользовательское соглашение,Пользовательское соглашение
276,formsText.checkboxPolicy,Политика возврата средств,Политика возврата средств
293,curLang,Текущий язык,Ru
10. Кнопки,,,
277,buttonText.login,Войти,Войти
278,buttonText.btnReg,Зарегистрироваться,Зарегистрироваться
279,buttonText.enterFormButton,Войти в кабинет,Войти
280,buttonText.btnSend,Отправить,Отправить
281,buttonText.btnStartTrade,Начать торговать,Начать торговать
282,buttonText.btnOpenAcc,Открыть счет,Открыть счет
283,buttonText.btnCallback,Запросить звонок,Запросить звонок
284,buttonText.btnLearMore,Узнать больше,Узнать больше
285,buttonText.btn404,Вернуться на главную,Вернуться на главную
286,buttonText.btnSupport,Техническая поддержка,Техническая поддержка
287,buttonText.btnPartner,Стать партнером,Стать партнером
11. Контакты,,,
288,contactsHeaderText.title,Заголовок,"Круглосуточная, персональная поддержка пользователей"
289,contactsHeaderText.text,Подзаголовок,Запросите звонок и мы свяжемся с вами в ближайшее время.
290,contactsListText.contact2,Наша почта,Наша почта
291,contactsListText.contact3,Месторасположение,Месторасположение
292,contactsListText.contact1,Международный номер,Международный номер
12. Тайтлы,,,
293,titles.index,index,Company Name - Получите финансовую независимость
294,titles.notFound,404,404 - Company Name - Получите финансовую независимость
295,titles.licenses,licenses,Аккредитации и лицензии - Company Name - Получите финансовую независимость
296,titles.reminder,recovery,Восстановление пароля - Company Name - Получите финансовую независимость
297,titles.register,register,Регистрация - Company Name - Получите финансовую независимость
298,titles.login,login,Вход - Company Name - Получите финансовую независимость
299,titles.about,about,О компании - Company Name – зарабатывай просто!
300,titles.contacts,contacts,"Контакты - Company Name - Круглосуточная, персональная поддержка пользователей"
301,titles.markets,markets,Свыше 200 финансовых инструментов для трейдинга из любой точки мира
302,titles.commodities,commodities,Товары - Торговля биржевыми товарами с Company Name
303,titles.crypto,crypto,Криптовалюты - Торгуйте CFD на криптовалюту вместе с Company Name
304,titles.forex,forex,Валюты – самый устойчивый и перспективный рынок для инвестиций
305,titles.indices,indices,Индексы - Станьте профи в торговле CFD на индексы
306,titles.metals,metals,Металлы - Выгодная торговля CFD-контрактами на металлы
307,titles.stocks,stocks,Акции - Котировки акций онлайн с Company Name
308,titles.trading,trading,Торговые условия - Торговые счета Company Name
